valuation metrics,subject_2,subject_3,subject_4,subject_6,subject_7,subject_8,subject_9,subject_10,subject_11,subject_13,subject_14,subject_15,subject_16,subject_17
Accuracy,0.8388589051657671,0.5745775165319618,1.0,0.7079646017699115,0.4863870493009566,0.4985315712187959,0.8276899924755455,0.492063492063492,0.7471590909090909,0.9549483013293943,0.4871987951807229,0.4726618705035972,0.874820143884892,0.6035087719298246
Precision,0.8704334654445227,0.5775744259477185,1.0,0.816756716256379,0.2365723617276912,0.2485337275018813,0.8718769932852881,0.2421264802217183,0.8324779190004308,0.9586620224360254,0.237362666025548,0.2340867408337756,0.8996279969190936,0.7818666890155325
Recall,0.8388589051657671,0.5745775165319618,1.0,0.7079646017699115,0.4863870493009566,0.4985315712187959,0.8276899924755455,0.492063492063492,0.7471590909090909,0.9549483013293943,0.4871987951807229,0.4726618705035972,0.874820143884892,0.6035087719298246
F1 score,0.8354592433736903,0.5734891294811449,1.0,0.6825054052384322,0.31831865305735874,0.3317030248481748,0.822441858670132,0.3245525160418777,0.7304397430326299,0.9548506408055444,0.31920771694372424,0.31310673981576825,0.8726135539757232,0.5369969518342026
