valuation metrics,subject_1,subject_2,subject_3,subject_4,subject_5,subject_6,subject_7,subject_9,subject_10,subject_12,subject_13,subject_16,subject_17,subject_18,subject_19,subject_20,subject_21,subject_22,subject_24,subject_25
Accuracy,0.5508474576271186,0.10182403433476396,0.29003429284007065,0.09183673469387756,0.4340096798212956,0.5418941818866504,0.5370244234698842,0.6810308848080133,0.3111937848779954,0.5304254173397954,0.6916309012875537,0.2886588658865887,0.2503146916022298,0.17981875572752265,0.3168413092794642,0.5337628546648494,0.3450841668699683,0.6447173888320255,0.785157501334757,0.3951358180669615
Precision,0.3034329215742602,0.12757890144499182,0.4120227560336121,0.22976281948443425,0.5844846226285569,0.5342808649498512,0.4218849807946717,0.8800997089374756,0.6065982233838979,0.7317104080398468,0.8073960844258922,0.08332394085493157,0.6019155008279994,0.22353448494615127,0.12664996579791324,0.6342380707073607,0.12609501937014314,0.4156605114623851,1.0,0.8115478856792818
Recall,0.5508474576271186,0.10182403433476396,0.29003429284007065,0.09183673469387756,0.4340096798212956,0.5418941818866504,0.5370244234698842,0.6810308848080133,0.3111937848779954,0.5304254173397954,0.6916309012875537,0.2886588658865887,0.2503146916022298,0.17981875572752265,0.3168413092794642,0.5337628546648494,0.3450841668699683,0.6447173888320255,0.785157501334757,0.3951358180669615
F1 score,0.3913124015930351,0.1129832761364771,0.22434647286775786,0.13122323598626598,0.4824942713730792,0.5105614703302658,0.472542114143986,0.6698762359328461,0.4092951009445244,0.5268593217216723,0.5984819353271388,0.1293188493257372,0.31237493945725386,0.14439863773481515,0.1809638350905953,0.5738622177511019,0.18469998665698312,0.5054491601837577,0.8719318693474288,0.3562766417899844
